[
    {
        "name": "After Operation Rule for Web Services connector",
        "description": "This rule is used by the Web Services connector to update parsed resource object. Create List of Objects which will later converted to Resource object.",
        "type": "WebServiceAfterOperationRule",
        "signature": {
            "input": [
                {
                    "name": "application",
                    "description": "The application whose data file is being processed.",
                    "type": null
                },
                {
                    "name": "requestEndPoint",
                    "description": "The current request information contain header, body ,response object",
                    "type": null
                },
                {
                    "name": "processedResponseObject",
                    "description": "Response Object processed by the Web services connector",
                    "type": null
                },
                {
                    "name": "rawResponseObject",
                    "description": "Response Object returned from the end system",
                    "type": null
                },
                {
                    "name": "restClient",
                    "description": "REST Client Object",
                    "type": null
                }
            ],
            "output": {
                "name": "Update Account/Group List",
                "description": "Update information Map contains parsed list of accounts",
                "type": null
            }
        },
        "sourceCode": {
            "version": "1.0",
            "script": "// source code"
        },
        "attributes": {
            "sourceVersion": "1.0"
        }
    },
    {
        "name": "Before Operation Rule for Web Services Connector",
        "description": "This rule is used by the  Web Services connector before performing any operation like testconnection, aggregation, etc.",
        "type": "WebServiceBeforeOperationRule",
        "signature": {
            "input": [
                {
                    "name": "application",
                    "description": "The application whose data file is being processed.",
                    "type": null
                },
                {
                    "name": "requestEndPoint",
                    "description": "The current request information contain header, body, context url, method type, response attribute map,\n          successful response code\n        ",
                    "type": null
                },
                {
                    "name": "oldResponseMap",
                    "description": "earlier response object ",
                    "type": null
                },
                {
                    "name": "restClient",
                    "description": "REST Client Object",
                    "type": null
                }
            ],
            "output": {
                "name": "EndPoint",
                "description": "Updated EndPoint Object",
                "type": null
            }
        },
        "sourceCode": {
            "version": "1.0",
            "script": "// source code"
        },
        "attributes": {
            "sourceVersion": "1.0"
        }
    },
    {
        "name": "JDBC Provision Rule",
        "description": "This JDBC rule can process account creation requests, deletion requests, and modification requests that pertain to the role attribute. It logs debug messages if other account request types are submitted.",
        "type": "JDBCProvision",
        "signature": {
            "input": [
                {
                    "name": "log",
                    "description": "The log object associated with the SailPointContext.",
                    "type": null
                },
                {
                    "name": "context",
                    "description": "A sailpoint.api.SailPointContext object that can be used to query the database if necessary.\n  ",
                    "type": null
                },
                {
                    "name": "application",
                    "description": "The application whose data file is being processed.",
                    "type": null
                },
                {
                    "name": "schema",
                    "description": "The Schema currently in use.",
                    "type": null
                },
                {
                    "name": "connection",
                    "description": "A connection object to connect to database.",
                    "type": null
                },
                {
                    "name": "plan",
                    "description": "The ProvisioningPlan created against the JDBC application.",
                    "type": null
                }
            ],
            "output": {
                "name": "result",
                "description": "A Provisioning Result object is desirable to return the status.IT can be a new object or part of  Provisioning Plan",
                "type": null
            }
        },
        "sourceCode": {
            "version": "1.0",
            "script": "// source code"
        },
        "attributes": {
            "sourceVersion": "1.0"
        }
    },
    {
        "name": "PowerShell Before Creation Rule",
        "description": "Executes PowerShell commands on the IQService component before a source account is created.",
        "type": "ConnectorBeforeCreate",
        "signature": {
            "input": [],
            "output": null
        },
        "sourceCode": {
            "version": "1.0",
            "script": "// source code"
        },
        "attributes": {
            "ObjectOrientedScript": "true",
            "extension": ".ps1",
            "sourceVersion": "1.0",
            "disabled": "false",
            "program": "powershell.exe",
            "timeout": "300"
        }
    },
    {
        "name": "PowerShell Before Modify Rule",
        "description": "Executes PowerShell commands on the IQService component before a source account is modified.",
        "type": "ConnectorBeforeModify",
        "signature": {
            "input": [],
            "output": null
        },
        "sourceCode": {
            "version": "1.0",
            "script": "// source code"
        },
        "attributes": {
            "ObjectOrientedScript": "true",
            "extension": ".ps1",
            "sourceVersion": "1.0",
            "disabled": "false",
            "program": "powershell.exe",
            "timeout": "300"
        }
    },
    {
        "name": "PowerShell Before Delete Rule",
        "description": "Executes PowerShell commands on the IQService component before a source account is deleted.",
        "type": "ConnectorBeforeDelete",
        "signature": {
            "input": [],
            "output": null
        },
        "sourceCode": {
            "version": "1.0",
            "script": "// source code"
        },
        "attributes": {
            "ObjectOrientedScript": "true",
            "extension": ".ps1",
            "sourceVersion": "1.0",
            "disabled": "false",
            "program": "powershell.exe",
            "timeout": "300"
        }
    },
    {
        "name": "PowerShell After Creation Rule",
        "description": "Executes PowerShell commands on the IQService component after a source account is created.",
        "type": "ConnectorAfterCreate",
        "signature": {
            "input": [],
            "output": null
        },
        "sourceCode": {
            "version": "1.0",
            "script": "// source code"
        },
        "attributes": {
            "ObjectOrientedScript": "true",
            "extension": ".ps1",
            "sourceVersion": "1.0",
            "disabled": "false",
            "program": "powershell.exe",
            "timeout": "300"
        }
    },
    {
        "name": "PowerShell After Modify Rule",
        "description": "Executes PowerShell commands on the IQService component after a source account is modified.",
        "type": "ConnectorAfterModify",
        "signature": {
            "input": [],
            "output": null
        },
        "sourceCode": {
            "version": "1.0",
            "script": "// source code"
        },
        "attributes": {
            "ObjectOrientedScript": "true",
            "extension": ".ps1",
            "sourceVersion": "1.0",
            "disabled": "false",
            "program": "powershell.exe",
            "timeout": "300"
        }
    },
    {
        "name": "PowerShell After Delete Rule",
        "description": "Executes PowerShell commands on the IQService component after a source account is deleted.",
        "type": "ConnectorAfterDelete",
        "signature": {
            "input": [],
            "output": null
        },
        "sourceCode": {
            "version": "1.0",
            "script": "// source code"
        },
        "attributes": {
            "ObjectOrientedScript": "true",
            "extension": ".ps1",
            "sourceVersion": "1.0",
            "disabled": "false",
            "program": "powershell.exe",
            "timeout": "300"
        }
    },
    {
        "name": "Delimited File BuildMap Rule",
        "description": "A BuildMap rule is used to manipulate the raw input data (provided via the rows and columns in the file) and build a map out of the incoming data.",
        "type": "BuildMap",
        "signature": {
            "input": [
                {
                    "name": "col",
                    "description": "An ordered list of the column names from the file’s header record or specified Columns list.",
                    "type": null
                },
                {
                    "name": "record",
                    "description": "An ordered list of the values for the current record (parsed based on the specified delimiter)",
                    "type": null
                },
                {
                    "name": "application",
                    "description": "The source object sent to the connector from IdentityNow.",
                    "type": null
                },
                {
                    "name": "schema",
                    "description": "A reference to the Schema object for the Delimited File source being read.",
                    "type": null
                }
            ],
            "output": null
        },
        "sourceCode": {
            "version": "1.0",
            "script": "// source code"
        },
        "attributes": {
            "sourceVersion": "1.0"
        }
    },
    {
        "name": "JDBC BuildMap Rule",
        "description": "This rule is used by the JDBC connector to build a map representation of the Resultset",
        "type": "JDBCBuildMap",
        "signature": {
            "input": [
                {
                    "name": "log",
                    "description": "The log object associated with the SailPointContext.",
                    "type": null
                },
                {
                    "name": "context",
                    "description": "A sailpoint.api.SailPointContext object that can be used to query the database if necessary.",
                    "type": null
                },
                {
                    "name": "application",
                    "description": "The application whose data file is being processed.",
                    "type": null
                },
                {
                    "name": "state",
                    "description": "A Map containing state information.",
                    "type": null
                },
                {
                    "name": "result",
                    "description": "The ResultSet from database.",
                    "type": null
                },
                {
                    "name": "connection",
                    "description": "A connection object to connect to database.",
                    "type": null
                }
            ],
            "output": {
                "name": "map",
                "description": "A Map of the resource object assembled from the data.",
                "type": null
            }
        },
        "sourceCode": {
            "version": "1.0",
            "script": "// source code"
        },
        "attributes": {
            "sourceVersion": "1.0"
        }
    },
    {
        "name": "SAP Build Map Rule",
        "description": "Calculates and transforms data from SAP during the aggregation process. Additionally, can perform additional calls back to the SAP system using SAP BAPI calls.",
        "type": "SAPBuildMap",
        "signature": {
            "input": [
                {
                    "name": "destination",
                    "description": "A connected/ready to use com.sap.conn.jco.JCoDestination object that can be used to call bapi, function modules and call to SAP tables. This is the main object used in making BAPI calls using the JCo interface. This destination object is shared with the connector implementation and the connector controls the destination's lifecycle.",
                    "type": null
                },
                {
                    "name": "object",
                    "description": "A reference to a SailPoint attributes object (basically a Map object with some added convenience methods) that holds the attributes that have been built up by the default connector implementation. The rule should modify this object to change, add or remove attributes from the map.",
                    "type": null
                },
                {
                    "name": "connector",
                    "description": "A reference to the current SAP Connector",
                    "type": null
                },
                {
                    "name": "state",
                    "description": "A Map that can be used to store and share data between executions of this rule during a single aggregation run.",
                    "type": null
                },
                {
                    "name": "application",
                    "description": "The application whose data file is being processed.",
                    "type": null
                },
                {
                    "name": "schema",
                    "description": "A reference to the Schema object for the Delimited File source being read.",
                    "type": null
                }
            ],
            "output": null
        },
        "sourceCode": {
            "version": "1.0",
            "script": "// cf. https://community.sailpoint.com/t5/IdentityNow-Articles/IdentityNow-Rule-Guide-SAP-BuildMap-Rule/ta-p/77343"
        },
        "attributes": {
            "sourceVersion": "1.0"
        }
    },
    {
        "name": "SAP HR Provisioning Rule",
        "description": "This rule is used to perform SAP HR modification operations during provisioning. This is often used for attribute sync to custom SAP HR attributes.",
        "type": "SapHrOperationProvisioning",
        "signature": {
            "input": [
                {
                    "name": "application",
                    "description": "The application whose data file is being processed.",
                    "type": null
                },
                {
                    "name": "schema",
                    "description": "A reference to the Schema object for the Delimited File source being read.",
                    "type": null
                },
                {
                    "name": "destination",
                    "description": "A connected and ready to use SAP destination object that can be used to call BAPI function modules and call to SAP tables.",
                    "type": null
                },
                {
                    "name": "plan",
                    "description": "Provisioning plan containing the provisioning request(s)",
                    "type": null
                },
                {
                    "name": "request",
                    "description": "AccountRequest being processed; always null for this global rule; only set for SapHrOperationProvisioning",
                    "type": null
                },
                {
                    "name": "connector",
                    "description": "A reference to the current SAP Connector",
                    "type": null
                }
            ],
            "output": null
        },
        "sourceCode": {
            "version": "1.0",
            "script": "// cf. https://community.sailpoint.com/t5/IdentityNow-Wiki/IdentityNow-Rule-Guide-SAP-HR-Provisioning-Modify-Rule/ta-p/77306"
        },
        "attributes": {
            "sourceVersion": "1.0"
        }
    },
    {
        "name": "SAP HR Provisioning Rule",
        "description": "Rule to aggregate the supervisor of the employee using custom code. Use this if there is a need to customize determining the supervisor of employees in SAP HR i.e. if the out-of-box supported OOSP and SS models are not in use in SAP-HR. The arguments \"employeeID\" and \"position\" can be used to determine the supervisor of the employee.",
        "type": "SAPHRManagerRule",
        "signature": {
            "input": [
                {
                    "name": "destination",
                    "description": "A connected and ready to use com.sap.conn.jco.JCoDestination object that can be used to invoke SAP BAPIs using JCo Interface. Use it to call SAP BAPIs and Function Modules. This destination object is shared with the connector implementation and the connector controls the destination's lifecycle.",
                    "type": null
                },
                {
                    "name": "application",
                    "description": "The application whose data file is being processed.",
                    "type": null
                },
                {
                    "name": "schema",
                    "description": "The schema that represents the object.",
                    "type": null
                },
                {
                    "name": "state",
                    "description": "A map object that can be used to store data during the iteration process.",
                    "type": null
                },
                {
                    "name": "employeeID",
                    "description": "Employee ID of the employee.",
                    "type": null
                },
                {
                    "name": "objectType",
                    "description": "Object type of the schema(i.e. account).",
                    "type": null
                },
                {
                    "name": "position",
                    "description": "Position ID of the employee.",
                    "type": null
                },
                {
                    "name": "connector",
                    "description": "A reference to the current SAP Connector",
                    "type": null
                }
            ],
            "output": {
                "name": "supervisor",
                "description": "Supervisor ID of the employee.",
                "type": null
            }
        },
        "sourceCode": {
            "version": "1.0",
            "script": "// code"
        },
        "attributes": {
            "sourceVersion": "1.0"
        }
    },
    {
        "name": "SuccessFactors Provisioning Rule",
        "description": "Rule to provision attributes in SuccessFactors",
        "type": "SuccessFactorsOperationProvisioning",
        "signature": {
            "input": [
                {
                    "name": "application",
                    "description": "The application whose data file is being processed.",
                    "type": null
                },
                {
                    "name": "schema",
                    "description": "The schema that represents the object.",
                    "type": null
                },
                {
                    "name": "plan",
                    "description": "The ProvisioningPlan created against the SuccessFactors application.",
                    "type": null
                },
                {
                    "name": "request",
                    "description": "The ProvisioningRequest created against the SuccessFactors application.",
                    "type": null
                },
                {
                    "name": "connector",
                    "description": "A reference to the current SuccessFactors Connector",
                    "type": null
                },
                {
                    "name": "provisionMap",
                    "description": "ProvisionMap object created against SuccessFactors application which holds information for business phone, business email and username.",
                    "type": null
                },
                {
                    "name": "successFactorsRestSession",
                    "description": "A connected/ready to use successFactorsRestSession object which can be used for making calls to SuccessFactors ODATA API. This object already has the valid Bearer token.",
                    "type": null
                }
            ],
            "output": {
                "name": "result",
                "description": "A Provisioning Result object is desirable to return the status. It can be a new object or part of Provisioning Plan",
                "type": null
            }
        },
        "sourceCode": {
            "version": "1.0",
            "script": "// code"
        },
        "attributes": {
            "sourceVersion": "1.0"
        }
    },
    {
        "name": "PeopleSoft HRMS Provisioning Rule",
        "description": "Rule to provision attributes in PeopleSoft HRMS",
        "type": "PeopleSoftHRMSOperationProvisioning",
        "signature": {
            "input": [
                {
                    "name": "log",
                    "description": "The log object associated with the SailPointContext.",
                    "type": null
                },
                {
                    "name": "context",
                    "description": "A sailpoint.api.SailPointContext object that can be used to query the database if necessary.\n  ",
                    "type": null
                },
                {
                    "name": "application",
                    "description": "The application whose data file is being processed.",
                    "type": null
                },
                {
                    "name": "schema",
                    "description": "The schema that represents the object.",
                    "type": null
                },
                {
                    "name": "plan",
                    "description": "The ProvisioningPlan created against the PeopleSoft HRMS application.",
                    "type": null
                },
                {
                    "name": "request",
                    "description": "The ProvisioningRequest created against the PeopleSoft HRMS application.",
                    "type": null
                },
                {
                    "name": "connector",
                    "description": "The PeopleSofthrms connector that is being used to communicate with PeopleSofthrms. This class is here for convenience as there are many utility methods that make calling Function Modules and doing table lookup easier.",
                    "type": null
                },
                {
                    "name": "session",
                    "description": "The session object.",
                    "type": null
                }
            ],
            "output": {
                "name": "result",
                "description": "A Provisioning Result object is desirable to return the status. It  can be a new object or part of Provisioning Plan",
                "type": null
            }
        },
        "sourceCode": {
            "version": "1.0",
            "script": "// code"
        },
        "attributes": {
            "sourceVersion": "1.0"
        }
    }, {
        "name": "PeopleSoft HRMS Build Map Rule",
        "description": "This rule can be used to customize the PeopleSoft resource object that the connectors build by default.",
        "type": "PeopleSoftHRMSBuildMap",
        "signature": {
            "input": [
                {
                    "name": "context",
                    "description": "A sailpoint.api.SailPointContext object that can be used to query the database if necessary.\n  ",
                    "type": null
                },
                {
                    "name": "application",
                    "description": "The application object being used to connect to the PeopleSoft system.",
                    "type": null
                },
                {
                    "name": "schema",
                    "description": "The schema that represents the object we are building for aggregation.",
                    "type": null
                },
                {
                    "name": "connection",
                    "description": "Connection to the application database.",
                    "type": null
                },
                {
                    "name": "identity",
                    "description": "An identity in context of aggregation.",
                    "type": null
                },
                {
                    "name": "connector",
                    "description": "A reference to the current SAP Connector",
                    "type": null
                },
                {
                    "name": "map",
                    "description": "The result of the return map dependent on the rule itself.",
                    "type": null
                }
            ],
            "output": null
        },
        "sourceCode": {
            "version": "1.0",
            "script": "// code"
        },
        "attributes": {
            "sourceVersion": "1.0"
        }
    }
]